{
    "Baseline": {
        "precision": 0.9124411918452692,
        "recall": 0.9881120860458534,
        "f1-score": 0.9487702133442044,
        "support": 3533.0
    },
    "Stress": {
        "precision": 0.9327102803738317,
        "recall": 0.9600769600769601,
        "f1-score": 0.9461957809907561,
        "support": 2079.0
    },
    "Amusement": {
        "precision": 0.8768211920529801,
        "recall": 0.5969341749323716,
        "f1-score": 0.7103004291845494,
        "support": 1109.0
    },
    "accuracy": 0.9148936170212766,
    "macro avg": {
        "precision": 0.907324221424027,
        "recall": 0.8483744070183951,
        "f1-score": 0.86842214117317,
        "support": 6721.0
    },
    "weighted avg": {
        "precision": 0.9128335226414651,
        "recall": 0.9148936170212766,
        "f1-score": 0.90862511060713,
        "support": 6721.0
    }
}